event,mouse_speed,x,y,time_of_day,timestamp,user_id,session_id
move,0.0,524,861,0.9722,1749923402.755,user1,s1
move,369.0112,731,862,0.9722,1749923402.835,user1,s1
move,377.1856,734,862,0.9722,1749923402.843,user1,s1
move,370.0639,737,862,0.9722,1749923402.851,user1,s1
move,280.9102,739,861,0.9722,1749923402.859,user1,s1
move,125.593,740,861,0.9722,1749923402.867,user1,s1
move,276.0242,742,860,0.9722,1749923402.875,user1,s1
move,125.9626,743,860,0.9722,1749923402.883,user1,s1
move,175.5235,744,859,0.9722,1749923402.891,user1,s1
move,517.9728,748,858,0.9722,1749923402.899,user1,s1
move,808.1619,754,856,0.9722,1749923402.907,user1,s1
move,504.6709,758,855,0.9722,1749923402.915,user1,s1
move,283.663,760,854,0.9722,1749923402.923,user1,s1
move,512.736,764,853,0.9722,1749923402.931,user1,s1
move,388.9263,767,852,0.9722,1749923402.939,user1,s1
move,282.8588,769,851,0.9722,1749923402.947,user1,s1
move,362.1602,771,849,0.9722,1749923402.955,user1,s1
move,273.4967,773,848,0.9722,1749923402.963,user1,s1
move,248.8906,775,848,0.9722,1749923402.971,user1,s1
move,576.9408,779,846,0.9722,1749923402.979,user1,s1
move,169.5869,780,845,0.9722,1749923402.987,user1,s1
move,466.0619,783,843,0.9722,1749923402.995,user1,s1
move,268.2095,785,842,0.9723,1749923403.003,user1,s1
move,409.4448,788,841,0.9723,1749923403.011,user1,s1
move,443.6263,791,839,0.9723,1749923403.019,user1,s1
move,178.3899,792,838,0.9723,1749923403.027,user1,s1
move,248.8758,794,838,0.9723,1749923403.035,user1,s1
move,439.6412,797,836,0.9723,1749923403.043,user1,s1
move,283.3459,799,835,0.9723,1749923403.051,user1,s1
move,811.8721,805,833,0.9723,1749923403.059,user1,s1
move,880.2247,812,831,0.9723,1749923403.067,user1,s1
move,898.5702,835,827,0.9723,1749923403.091,user1,s1
move,887.5717,842,826,0.9723,1749923403.099,user1,s1
move,896.0062,849,824,0.9723,1749923403.107,user1,s1
move,254.0155,851,824,0.9723,1749923403.115,user1,s1
move,256.5402,853,824,0.9723,1749923403.123,user1,s1
move,122.0836,854,824,0.9723,1749923403.131,user1,s1
move,0.0,854,824,0.9723,1749923403.139,user1,s1
move,8.9223,855,824,0.9723,1749923403.251,user1,s1
move,967.9282,1147,469,0.9723,1749923403.483,user1,s1
move,452.8185,1149,466,0.9723,1749923403.491,user1,s1
move,0.0,1162,446,0.9723,1749923403.523,user1,s1
move,126.9924,1162,445,0.9723,1749923403.531,user1,s1
move,274.8754,1163,443,0.9723,1749923403.539,user1,s1
move,906.4326,1171,430,0.9723,1749923403.555,user1,s1
move,711.2425,1213,391,0.9723,1749923403.587,user1,s1
move,409.5333,1214,388,0.9723,1749923403.595,user1,s1
move,555.4542,1224,379,0.9723,1749923403.619,user1,s1
move,690.6292,1251,352,0.9723,1749923403.643,user1,s1
move,446.4552,1453,172,0.9723,1749923403.723,user1,s1
move,710.5464,1457,168,0.9723,1749923403.731,user1,s1
move,275.7644,1458,166,0.9723,1749923403.739,user1,s1
move,0.0,1458,166,0.9723,1749923403.747,user1,s1
move,29.3154,1462,166,0.9723,1749923403.883,user1,s1
move,862.9241,1484,166,0.9723,1749923403.899,user1,s1
move,614.55,1513,171,0.9723,1749923403.923,user1,s1
move,965.5674,1530,171,0.9723,1749923403.939,user1,s1
move,744.8375,1577,156,0.9723,1749923403.971,user1,s1
move,368.73,1580,156,0.9723,1749923403.979,user1,s1
move,630.0403,1585,156,0.9723,1749923403.987,user1,s1
move,876.762,1592,156,0.9723,1749923403.995,user1,s1
move,474.6567,1627,144,0.9723,1749923404.019,user1,s1
move,862.1572,1645,143,0.9723,1749923404.035,user1,s1
move,904.0128,1651,139,0.9723,1749923404.043,user1,s1
move,174.609,1660,134,0.9723,1749923404.059,user1,s1
move,248.2498,1662,134,0.9723,1749923404.067,user1,s1
move,473.6229,1664,131,0.9723,1749923404.075,user1,s1
move,275.1496,1666,130,0.9723,1749923404.083,user1,s1
move,41.4244,1666,129,0.9723,1749923404.107,user1,s1
move,0.0,1666,129,0.9723,1749923404.115,user1,s1
move,248.169,1666,127,0.9723,1749923404.123,user1,s1
move,126.3459,1666,126,0.9723,1749923404.131,user1,s1
move,0.0,1666,126,0.9723,1749923404.179,user1,s1
move,62.1885,1666,125,0.9723,1749923404.195,user1,s1
move,58.5136,1667,124,0.9723,1749923404.219,user1,s1
move,259.9184,1667,122,0.9723,1749923404.227,user1,s1
move,540.2661,1669,118,0.9723,1749923404.235,user1,s1
move,519.5133,1670,114,0.9723,1749923404.243,user1,s1
move,498.7875,1670,110,0.9723,1749923404.251,user1,s1
move,62.7054,1670,109,0.9723,1749923404.267,user1,s1
move,87.8566,1672,107,0.9723,1749923404.299,user1,s1
move,922.2893,1743,54,0.9723,1749923404.363,user1,s1
move,710.6103,1747,50,0.9723,1749923404.371,user1,s1
move,792.0195,1753,48,0.9723,1749923404.379,user1,s1
move,528.4156,1756,45,0.9723,1749923404.387,user1,s1
move,513.4819,1760,44,0.9723,1749923404.395,user1,s1
move,354.53,1762,42,0.9723,1749923404.403,user1,s1
move,434.126,1765,40,0.9723,1749923404.411,user1,s1
move,294.0323,1767,39,0.9723,1749923404.419,user1,s1
move,552.6664,1771,37,0.9723,1749923404.427,user1,s1
move,439.4879,1774,35,0.9723,1749923404.435,user1,s1
move,293.2692,1776,34,0.9723,1749923404.442,user1,s1
move,273.3692,1778,33,0.9723,1749923404.451,user1,s1
move,388.4252,1781,32,0.9723,1749923404.459,user1,s1
move,395.5373,1784,31,0.9723,1749923404.467,user1,s1
move,251.2793,1785,29,0.9723,1749923404.476,user1,s1
move,636.2356,1789,27,0.9723,1749923404.483,user1,s1
move,434.3379,1792,25,0.9723,1749923404.491,user1,s1
move,295.3286,1794,24,0.9723,1749923404.499,user1,s1
move,428.9298,1797,22,0.9723,1749923404.507,user1,s1
move,186.2309,1798,21,0.9723,1749923404.515,user1,s1
move,121.6763,1799,21,0.9723,1749923404.523,user1,s1
move,179.8067,1800,20,0.9723,1749923404.531,user1,s1
move,126.1559,1801,20,0.9723,1749923404.539,user1,s1
move,61.5922,1801,19,0.9723,1749923404.555,user1,s1
click,,1801,19,0.9723,1749923404.843,user1,s1
move,0.0,1801,19,0.9723,1749923405.203,user1,s1
move,360.2904,1799,21,0.9723,1749923405.211,user1,s1
move,443.1973,1796,23,0.9723,1749923405.219,user1,s1
move,750.4844,1791,26,0.9723,1749923405.226,user1,s1
move,443.7175,1788,28,0.9723,1749923405.235,user1,s1
move,738.7864,1783,31,0.9723,1749923405.242,user1,s1
move,876.9384,1776,33,0.9723,1749923405.251,user1,s1
move,512.584,1772,34,0.9723,1749923405.259,user1,s1
move,842.9326,1766,37,0.9723,1749923405.267,user1,s1
move,810.3839,1760,39,0.9723,1749923405.275,user1,s1
move,922.1174,1753,41,0.9723,1749923405.282,user1,s1
move,631.5508,1748,42,0.9723,1749923405.291,user1,s1
move,560.3267,1744,44,0.9723,1749923405.299,user1,s1
move,895.9788,1738,48,0.9723,1749923405.307,user1,s1
move,918.1736,1717,59,0.9723,1749923405.331,user1,s1
move,950.8787,1468,194,0.9723,1749923405.475,user1,s1
move,906.4595,1426,206,0.9723,1749923405.515,user1,s1
move,798.9852,1411,211,0.9723,1749923405.53,user1,s1
move,897.27,1404,213,0.9723,1749923405.539,user1,s1
move,835.0521,1398,216,0.9723,1749923405.547,user1,s1
move,729.3566,1393,219,0.9723,1749923405.555,user1,s1
move,798.1678,1387,221,0.9723,1749923405.563,user1,s1
move,543.9794,1383,223,0.9723,1749923405.571,user1,s1
move,181.3675,1379,226,0.9723,1749923405.598,user1,s1
move,442.1994,1365,233,0.9723,1749923405.611,user1,s1
move,694.8355,1360,235,0.9723,1749923405.619,user1,s1
move,895.3953,1354,239,0.9723,1749923405.627,user1,s1
move,892.7317,907,339,0.9723,1749923405.867,user1,s1
move,758.6593,901,340,0.9723,1749923405.875,user1,s1
move,575.0658,897,342,0.9723,1749923405.883,user1,s1
move,803.2432,816,366,0.9723,1749923405.955,user1,s1
move,561.4504,812,368,0.9723,1749923405.963,user1,s1
move,510.8578,808,369,0.9723,1749923405.971,user1,s1
move,566.1957,804,371,0.9723,1749923405.979,user1,s1
move,280.063,802,372,0.9723,1749923405.987,user1,s1
move,540.9828,798,374,0.9723,1749923405.995,user1,s1
move,289.5569,796,375,0.9723,1749923406.003,user1,s1
move,275.392,794,376,0.9723,1749923406.011,user1,s1
move,283.8433,792,377,0.9723,1749923406.019,user1,s1
move,284.8433,790,378,0.9723,1749923406.027,user1,s1
move,277.0843,788,379,0.9723,1749923406.035,user1,s1
move,276.5206,786,380,0.9723,1749923406.043,user1,s1
move,178.465,785,381,0.9723,1749923406.051,user1,s1
move,0.0,785,381,0.9723,1749923406.067,user1,s1
move,0.0,785,381,0.9723,1749923408.771,user1,s1
move,770.7048,791,381,0.9723,1749923408.779,user1,s1
move,507.6621,795,381,0.9723,1749923408.787,user1,s1
move,222.7399,797,381,0.9723,1749923408.796,user1,s1
move,257.1668,800,381,0.9723,1749923408.807,user1,s1
move,0.0,800,381,0.9723,1749923408.81,user1,s1
move,24.9458,801,381,0.9723,1749923408.851,user1,s1
move,0.0,801,381,0.9723,1749923409.083,user1,s1
move,128.881,801,382,0.9723,1749923409.091,user1,s1
move,251.6608,801,384,0.9723,1749923409.099,user1,s1
move,0.0,801,384,0.9723,1749923409.107,user1,s1
move,182.2541,800,385,0.9723,1749923409.115,user1,s1
move,176.99,799,386,0.9723,1749923409.123,user1,s1
move,127.2351,799,387,0.9723,1749923409.131,user1,s1
move,126.5746,798,387,0.9723,1749923409.138,user1,s1
move,61.9085,798,388,0.9723,1749923409.155,user1,s1
move,0.0,798,388,0.9723,1749923409.443,user1,s1
move,0.0,798,388,0.9723,1749923409.451,user1,s1
move,255.0582,798,386,0.9723,1749923409.459,user1,s1
move,175.6171,797,385,0.9723,1749923409.467,user1,s1
move,125.7738,797,384,0.9723,1749923409.475,user1,s1
move,247.8757,797,382,0.9723,1749923409.483,user1,s1
move,0.0,797,382,0.9723,1749923409.49,user1,s1
move,120.8072,797,381,0.9723,1749923409.499,user1,s1
move,63.5857,797,380,0.9723,1749923409.514,user1,s1
move,1.1361,796,380,0.9723,1749923410.395,user1,s1
move,31.1148,796,379,0.9723,1749923410.427,user1,s1
move,0.0,796,379,0.9723,1749923410.451,user1,s1
move,2.909,795,379,0.9723,1749923410.795,user1,s1
move,30.9442,794,379,0.9723,1749923410.827,user1,s1
move,0.0,794,379,0.9723,1749923410.835,user1,s1
move,0.3869,793,379,0.9724,1749923413.419,user1,s1
move,131.6976,793,378,0.9724,1749923413.427,user1,s1
move,121.7434,792,378,0.9724,1749923413.435,user1,s1
move,170.5524,791,377,0.9724,1749923413.443,user1,s1
move,0.0,791,377,0.9724,1749923413.451,user1,s1
move,0.0,791,377,0.9724,1749923413.499,user1,s1
move,62.3392,790,377,0.9724,1749923413.515,user1,s1
move,41.8995,789,377,0.9724,1749923413.539,user1,s1
move,44.234,788,376,0.9724,1749923413.571,user1,s1
move,0.0,788,376,0.9724,1749923413.587,user1,s1
move,12.5099,787,376,0.9724,1749923413.667,user1,s1
move,127.4787,787,375,0.9724,1749923413.675,user1,s1
move,25.0378,787,374,0.9724,1749923413.715,user1,s1
move,2.1915,786,374,0.9724,1749923414.171,user1,s1
move,0.0,786,374,0.9724,1749923414.187,user1,s1
move,0.0,786,374,0.9724,1749923414.2,user1,s1
move,429.5682,785,374,0.9724,1749923414.203,user1,s1
move,0.0,785,374,0.9724,1749923415.187,user1,s1
move,141.4209,787,375,0.9724,1749923415.203,user1,s1
move,692.987,789,375,0.9724,1749923415.206,user1,s1
move,0.0,789,375,0.9724,1749923415.21,user1,s1
move,60.7756,789,376,0.9724,1749923415.227,user1,s1
move,31.1541,790,376,0.9724,1749923415.259,user1,s1
move,0.5061,790,377,0.9724,1749923417.235,user1,s1
move,0.0,790,377,0.9724,1749923417.627,user1,s1
move,41.6399,790,378,0.9724,1749923417.651,user1,s1
move,10.3861,790,379,0.9724,1749923417.747,user1,s1
move,0.0,790,379,0.9724,1749923418.403,user1,s1
move,20.632,790,380,0.9724,1749923418.451,user1,s1
move,0.0,790,380,0.9725,1749923420.307,user1,s1
move,0.0,790,380,0.9725,1749923420.379,user1,s1
move,1.2754,789,380,0.9725,1749923421.163,user1,s1
move,0.0,789,380,0.9725,1749923421.283,user1,s1
move,0.0,789,380,0.9725,1749923421.323,user1,s1
move,0.0,789,380,0.9725,1749923421.355,user1,s1
move,0.0,789,380,0.9725,1749923422.059,user1,s1
move,41.9863,789,379,0.9725,1749923422.083,user1,s1
move,127.6339,790,379,0.9725,1749923422.091,user1,s1
move,1.2751,791,379,0.9725,1749923422.875,user1,s1
move,63.3036,791,378,0.9725,1749923422.891,user1,s1
move,0.0,791,378,0.9725,1749923423.043,user1,s1
move,0.0,791,378,0.9725,1749923423.051,user1,s1
move,15.6228,792,378,0.9725,1749923423.115,user1,s1
move,128.0352,792,377,0.9725,1749923423.123,user1,s1
move,1.4197,792,376,0.9725,1749923423.827,user1,s1
move,61.4451,792,375,0.9725,1749923423.843,user1,s1
move,0.0,792,375,0.9725,1749923423.859,user1,s1
move,41.4543,792,374,0.9725,1749923423.883,user1,s1
move,0.3005,792,373,0.9725,1749923427.211,user1,s1
move,0.0,792,373,0.9726,1749923433.963,user1,s1
move,0.0,792,373,0.9726,1749923434.163,user1,s1
move,25.0453,792,372,0.9726,1749923434.203,user1,s1
move,13.9069,792,371,0.9726,1749923434.275,user1,s1
move,0.0,792,371,0.9726,1749923434.371,user1,s1
move,0.0,792,371,0.9726,1749923434.379,user1,s1
move,122.6441,793,371,0.9726,1749923434.387,user1,s1
move,283.2945,795,372,0.9726,1749923434.395,user1,s1
move,252.3421,797,372,0.9726,1749923434.403,user1,s1
move,114.5046,798,372,0.9726,1749923434.411,user1,s1
move,64.3002,798,373,0.9726,1749923434.427,user1,s1
move,64.1066,799,373,0.9726,1749923434.443,user1,s1
move,0.0,799,373,0.9726,1749923434.739,user1,s1
move,0.0,799,373,0.9726,1749923435.003,user1,s1
move,8.3427,798,373,0.9726,1749923435.123,user1,s1
move,3.572,797,373,0.9726,1749923435.403,user1,s1
move,0.7483,797,374,0.9726,1749923436.739,user1,s1
move,0.0,797,374,0.9726,1749923436.755,user1,s1
move,41.6954,797,375,0.9726,1749923436.779,user1,s1
move,0.5707,797,376,0.9727,1749923438.531,user1,s1
move,177.6792,798,377,0.9727,1749923438.539,user1,s1
move,128.133,798,378,0.9727,1749923438.547,user1,s1
move,121.6022,798,379,0.9727,1749923438.555,user1,s1
move,0.0,798,379,0.9727,1749923438.571,user1,s1
move,122.4793,798,380,0.9727,1749923438.579,user1,s1
move,1.2374,799,380,0.9727,1749923439.387,user1,s1
move,134.2048,800,380,0.9727,1749923439.395,user1,s1
move,24.7602,801,380,0.9727,1749923439.435,user1,s1
move,0.0,801,380,0.9728,1749923446.883,user1,s1
move,0.0,801,380,0.9728,1749923446.907,user1,s1
move,0.0,801,380,0.9728,1749923446.915,user1,s1
move,8.3518,801,379,0.9728,1749923447.035,user1,s1
move,1.4699,801,378,0.9728,1749923447.715,user1,s1
move,0.0,801,378,0.9728,1749923447.747,user1,s1
move,0.0,801,378,0.9728,1749923447.755,user1,s1
move,62.6895,801,377,0.9728,1749923447.771,user1,s1
move,6.243,801,376,0.9728,1749923447.931,user1,s1
move,0.0,801,376,0.9728,1749923447.939,user1,s1
move,0.0,801,376,0.9728,1749923447.947,user1,s1
move,282.4924,803,375,0.9728,1749923447.955,user1,s1
move,178.6316,804,374,0.9728,1749923447.963,user1,s1
move,180.4247,805,373,0.9728,1749923447.971,user1,s1
move,121.3419,806,373,0.9728,1749923447.979,user1,s1
move,0.0,806,373,0.9728,1749923447.987,user1,s1
move,62.5362,807,373,0.9728,1749923448.003,user1,s1
move,41.8122,808,373,0.9728,1749923448.027,user1,s1
move,349.0536,810,371,0.9728,1749923448.035,user1,s1
move,878.1113,817,370,0.9728,1749923448.043,user1,s1
move,448.5209,820,368,0.9728,1749923448.051,user1,s1
move,279.7372,822,367,0.9728,1749923448.059,user1,s1
move,279.4621,824,366,0.9728,1749923448.067,user1,s1
move,277.6421,826,365,0.9728,1749923448.075,user1,s1
move,252.7146,828,365,0.9728,1749923448.083,user1,s1
move,276.2111,829,363,0.9728,1749923448.091,user1,s1
move,281.6695,831,362,0.9728,1749923448.099,user1,s1
move,173.8006,832,361,0.9728,1749923448.107,user1,s1
move,178.9442,833,360,0.9728,1749923448.115,user1,s1
move,178.0846,834,359,0.9728,1749923448.123,user1,s1
move,281.9659,836,358,0.9728,1749923448.131,user1,s1
move,175.0676,837,357,0.9728,1749923448.139,user1,s1
move,128.5532,837,356,0.9728,1749923448.147,user1,s1
move,120.8977,838,356,0.9728,1749923448.155,user1,s1
move,0.0,838,356,0.9728,1749923448.163,user1,s1
move,171.9217,839,355,0.9728,1749923448.171,user1,s1
move,0.0,839,355,0.9728,1749923448.179,user1,s1
move,121.4051,839,354,0.9728,1749923448.187,user1,s1
move,20.785,840,354,0.9728,1749923448.235,user1,s1
move,2.1184,839,354,0.9728,1749923448.707,user1,s1
move,855.3071,819,354,0.9728,1749923448.723,user1,s1
move,382.3664,816,354,0.9728,1749923448.731,user1,s1
move,750.7343,810,353,0.9728,1749923448.739,user1,s1
move,863.6602,794,352,0.9728,1749923448.755,user1,s1
move,255.159,784,353,0.9728,1749923448.771,user1,s1
move,14.6736,785,354,0.9728,1749923448.867,user1,s1
move,994.0876,1591,426,0.9728,1749923448.987,user1,s1
move,879.388,1598,426,0.9728,1749923448.995,user1,s1
move,742.9903,1621,426,0.9728,1749923449.019,user1,s1
move,254.154,1623,426,0.9728,1749923449.026,user1,s1
move,123.264,1624,426,0.9728,1749923449.035,user1,s1
move,121.0338,1625,426,0.9728,1749923449.043,user1,s1
move,0.0,1625,426,0.9728,1749923449.051,user1,s1
move,124.6969,1626,426,0.9728,1749923449.059,user1,s1
move,24.9883,1626,425,0.9728,1749923449.099,user1,s1
move,63.1168,1626,424,0.9728,1749923449.115,user1,s1
move,0.0,1626,424,0.9728,1749923449.123,user1,s1
move,123.0145,1626,423,0.9728,1749923449.131,user1,s1
move,10.4076,1626,422,0.9728,1749923449.227,user1,s1
move,17.9503,1626,395,0.9728,1749923450.731,user1,s1
move,929.8393,1591,200,0.9728,1749923450.827,user1,s1
move,952.6438,1596,194,0.9728,1749923450.835,user1,s1
move,926.6658,1601,188,0.9728,1749923450.843,user1,s1
move,969.3603,1618,169,0.9728,1749923450.867,user1,s1
move,991.2719,1624,164,0.9728,1749923450.875,user1,s1
move,797.2171,1629,160,0.9728,1749923450.883,user1,s1
move,353.5207,1705,82,0.9728,1749923450.993,user1,s1
move,704.1166,1730,53,0.9728,1749923451.003,user1,s1
move,565.1381,1734,51,0.9728,1749923451.011,user1,s1
move,556.1567,1738,49,0.9728,1749923451.019,user1,s1
move,538.7504,1741,46,0.9728,1749923451.026,user1,s1
move,542.4534,1745,44,0.9728,1749923451.035,user1,s1
move,796.3229,1751,42,0.9728,1749923451.043,user1,s1
move,985.6942,1757,37,0.9728,1749923451.051,user1,s1
move,756.1243,1833,-4,0.9728,1749923451.123,user1,s1
move,519.4977,1837,-3,0.9728,1749923451.131,user1,s1
move,374.8931,1840,-3,0.9728,1749923451.139,user1,s1
move,279.4954,1842,-2,0.9728,1749923451.147,user1,s1
move,277.1662,1844,-1,0.9728,1749923451.155,user1,s1
move,127.3974,1844,-2,0.9728,1749923451.163,user1,s1
move,125.9778,1845,-2,0.9728,1749923451.171,user1,s1
move,176.6842,1846,-1,0.9728,1749923451.179,user1,s1
move,178.68,1847,0,0.9728,1749923451.187,user1,s1
move,121.5353,1847,-1,0.9728,1749923451.195,user1,s1
move,0.0,1847,-1,0.9728,1749923451.211,user1,s1
move,14.756,1846,0,0.9728,1749923451.307,user1,s1
move,390.4605,1843,1,0.9728,1749923451.315,user1,s1
move,792.8006,1837,3,0.9728,1749923451.323,user1,s1
move,832.3595,1831,6,0.9728,1749923451.331,user1,s1
move,549.5575,1827,8,0.9728,1749923451.339,user1,s1
move,571.4394,1823,10,0.9728,1749923451.347,user1,s1
move,504.9656,1819,11,0.9728,1749923451.355,user1,s1
move,285.6936,1817,12,0.9728,1749923451.363,user1,s1
move,124.1175,1816,12,0.9728,1749923451.371,user1,s1
move,277.9383,1814,13,0.9728,1749923451.379,user1,s1
move,279.2458,1812,14,0.9728,1749923451.387,user1,s1
move,180.7546,1811,15,0.9728,1749923451.395,user1,s1
move,280.0128,1809,16,0.9728,1749923451.403,user1,s1
move,250.9906,1807,16,0.9728,1749923451.411,user1,s1
move,275.0286,1805,17,0.9728,1749923451.419,user1,s1
move,276.4717,1803,18,0.9728,1749923451.427,user1,s1
move,286.2691,1801,19,0.9728,1749923451.435,user1,s1
move,356.4362,1798,19,0.9728,1749923451.443,user1,s1
move,547.9929,1794,20,0.9728,1749923451.451,user1,s1
move,550.1055,1790,22,0.9728,1749923451.459,user1,s1
move,516.6575,1786,23,0.9728,1749923451.467,user1,s1
move,552.5687,1782,25,0.9728,1749923451.475,user1,s1
move,127.5058,1781,25,0.9728,1749923451.483,user1,s1
move,171.5537,1780,26,0.9728,1749923451.491,user1,s1
move,132.5633,1779,26,0.9728,1749923451.498,user1,s1
click,,1779,26,0.9728,1749923451.707,user1,s1
move,4.9008,1778,28,0.9728,1749923451.955,user1,s1
move,253.7005,1578,143,0.9728,1749923452.098,user1,s1
move,994.7508,1561,144,0.9728,1749923452.115,user1,s1
move,644.7617,1556,144,0.9728,1749923452.122,user1,s1
move,627.4953,1526,152,0.9728,1749923452.146,user1,s1
move,831.8024,1519,152,0.9728,1749923452.155,user1,s1
move,382.5291,1516,152,0.9728,1749923452.163,user1,s1
move,629.3974,1511,152,0.9728,1749923452.171,user1,s1
move,870.0071,1309,170,0.9728,1749923452.291,user1,s1
move,879.309,1302,170,0.9728,1749923452.299,user1,s1
move,635.2119,1297,170,0.9728,1749923452.307,user1,s1
move,886.3515,1290,171,0.9728,1749923452.315,user1,s1
move,475.7644,1286,172,0.9728,1749923452.323,user1,s1
move,268.3839,1284,172,0.9728,1749923452.331,user1,s1
move,246.2458,1282,172,0.9728,1749923452.339,user1,s1
move,128.2152,1281,172,0.9728,1749923452.347,user1,s1
move,246.3036,1279,172,0.9728,1749923452.355,user1,s1
move,126.6549,1278,172,0.9728,1749923452.363,user1,s1
move,0.0,1278,172,0.9728,1749923452.419,user1,s1
move,95.0365,1292,178,0.9728,1749923452.579,user1,s1
move,962.3375,1441,195,0.9728,1749923452.651,user1,s1
move,251.8496,1443,195,0.9728,1749923452.659,user1,s1
move,116.489,1444,195,0.9728,1749923452.667,user1,s1
move,141.8144,1445,195,0.9728,1749923452.675,user1,s1
move,122.3221,1446,195,0.9728,1749923452.683,user1,s1
move,0.0,1446,195,0.9728,1749923452.691,user1,s1
move,124.2058,1447,195,0.9728,1749923452.699,user1,s1
move,125.3453,1448,195,0.9728,1749923452.707,user1,s1
move,0.0,1448,195,0.9728,1749923452.715,user1,s1
move,249.2159,1450,195,0.9728,1749923452.723,user1,s1
move,517.1768,1454,195,0.9728,1749923452.731,user1,s1
move,365.6548,1457,195,0.9728,1749923452.739,user1,s1
move,626.0155,1462,195,0.9728,1749923452.747,user1,s1
move,889.8896,1469,195,0.9728,1749923452.755,user1,s1
move,490.1176,1473,195,0.9728,1749923452.763,user1,s1
move,630.0781,1478,195,0.9728,1749923452.771,user1,s1
move,878.1781,1485,195,0.9728,1749923452.779,user1,s1
move,874.5942,1574,197,0.9728,1749923452.851,user1,s1
move,498.2986,1578,197,0.9728,1749923452.859,user1,s1
move,247.0653,1580,197,0.9728,1749923452.867,user1,s1
move,248.3086,1582,197,0.9728,1749923452.875,user1,s1
move,122.7374,1583,197,0.9728,1749923452.883,user1,s1
move,254.6246,1585,197,0.9728,1749923452.891,user1,s1
move,395.5845,1588,196,0.9728,1749923452.899,user1,s1
move,175.1607,1589,195,0.9728,1749923452.907,user1,s1
move,279.9125,1591,194,0.9728,1749923452.915,user1,s1
move,261.0184,1593,194,0.9728,1749923452.923,user1,s1
move,124.983,1594,194,0.9728,1749923452.931,user1,s1
move,123.4054,1595,194,0.9728,1749923452.939,user1,s1
move,254.5319,1597,194,0.9728,1749923452.946,user1,s1
move,121.5635,1598,194,0.9728,1749923452.955,user1,s1
move,376.9145,1601,194,0.9728,1749923452.963,user1,s1
move,256.7836,1603,194,0.9728,1749923452.97,user1,s1
move,121.9062,1604,194,0.9728,1749923452.979,user1,s1
move,251.5249,1606,194,0.9728,1749923452.987,user1,s1
move,245.8488,1608,194,0.9728,1749923452.995,user1,s1
move,256.0391,1610,194,0.9728,1749923453.003,user1,s1
move,248.0809,1612,194,0.9728,1749923453.011,user1,s1
move,0.0,1612,194,0.9728,1749923453.019,user1,s1
move,61.3804,1613,194,0.9728,1749923453.035,user1,s1
move,20.8372,1614,194,0.9728,1749923453.083,user1,s1
move,0.0,1614,194,0.9728,1749923453.091,user1,s1
move,363.7626,1617,194,0.9728,1749923453.099,user1,s1
move,124.2021,1618,194,0.9728,1749923453.107,user1,s1
move,251.3591,1620,194,0.9728,1749923453.115,user1,s1
move,251.4797,1622,194,0.9728,1749923453.123,user1,s1
move,123.4636,1623,194,0.9728,1749923453.131,user1,s1
move,398.2438,1626,194,0.9728,1749923453.138,user1,s1
move,360.1704,1629,194,0.9728,1749923453.147,user1,s1
move,125.4653,1630,194,0.9728,1749923453.155,user1,s1
move,247.2546,1632,194,0.9728,1749923453.163,user1,s1
move,368.1367,1635,194,0.9728,1749923453.171,user1,s1
move,180.1726,1636,195,0.9728,1749923453.179,user1,s1
move,250.2344,1638,195,0.9728,1749923453.187,user1,s1
move,125.2255,1639,195,0.9728,1749923453.195,user1,s1
move,0.0,1639,195,0.9728,1749923453.203,user1,s1
move,41.0542,1640,195,0.9728,1749923453.227,user1,s1
move,133.4151,1641,195,0.9728,1749923453.235,user1,s1
move,126.3839,1642,195,0.9728,1749923453.242,user1,s1
move,0.0,1642,195,0.9728,1749923453.25,user1,s1
move,124.0258,1643,195,0.9728,1749923453.259,user1,s1
move,120.7029,1644,195,0.9728,1749923453.267,user1,s1
move,0.0,1644,195,0.9728,1749923453.275,user1,s1
move,131.5282,1645,195,0.9728,1749923453.282,user1,s1
move,86.964,1646,196,0.9728,1749923453.299,user1,s1
move,0.0,1646,196,0.9728,1749923453.307,user1,s1
move,61.7927,1647,196,0.9728,1749923453.323,user1,s1
move,247.0726,1649,196,0.9728,1749923453.331,user1,s1
move,126.1559,1650,196,0.9728,1749923453.339,user1,s1
move,251.0582,1652,196,0.9728,1749923453.347,user1,s1
move,371.1226,1655,196,0.9728,1749923453.355,user1,s1
move,180.6885,1656,197,0.9728,1749923453.363,user1,s1
move,244.7585,1658,197,0.9728,1749923453.371,user1,s1
move,62.1987,1659,197,0.9728,1749923453.387,user1,s1
move,126.1938,1659,198,0.9728,1749923453.395,user1,s1
move,0.0,1659,198,0.9728,1749923453.403,user1,s1
move,24.9881,1660,198,0.9728,1749923453.443,user1,s1
move,62.788,1661,198,0.9728,1749923453.459,user1,s1
move,0.0,1661,198,0.9728,1749923453.467,user1,s1
move,0.0,1661,198,0.9728,1749923453.475,user1,s1
move,124.2241,1662,198,0.9728,1749923453.483,user1,s1
move,125.8077,1662,199,0.9728,1749923453.491,user1,s1
move,248.8832,1664,199,0.9728,1749923453.499,user1,s1
move,587.5857,1668,201,0.9728,1749923453.506,user1,s1
move,540.0639,1672,203,0.9728,1749923453.515,user1,s1
move,560.6952,1676,205,0.9728,1749923453.523,user1,s1
move,898.1605,1682,209,0.9728,1749923453.531,user1,s1
move,566.5377,1686,211,0.9728,1749923453.539,user1,s1
move,451.0492,1689,213,0.9728,1749923453.547,user1,s1
move,364.0784,1692,213,0.9728,1749923453.555,user1,s1
move,285.9113,1693,215,0.9728,1749923453.563,user1,s1
move,275.19,1695,216,0.9728,1749923453.571,user1,s1
move,124.3236,1695,217,0.9728,1749923453.579,user1,s1
move,62.5502,1696,217,0.9728,1749923453.595,user1,s1
move,0.0,1696,217,0.9728,1749923453.611,user1,s1
move,17.84,1697,217,0.9728,1749923453.667,user1,s1
move,123.5326,1697,218,0.9728,1749923453.675,user1,s1
click,,1697,218,0.9728,1749923454.523,user1,s1
move,7.7648,1697,228,0.9728,1749923454.963,user1,s1
move,878.1518,1699,337,0.9729,1749923455.027,user1,s1
move,619.9823,1699,342,0.9729,1749923455.035,user1,s1
move,502.2667,1593,513,0.9729,1749923455.163,user1,s1
move,628.6918,1592,518,0.9729,1749923455.171,user1,s1
move,128.1682,1592,519,0.9729,1749923455.179,user1,s1
move,493.5491,1592,523,0.9729,1749923455.187,user1,s1
move,494.4364,1592,527,0.9729,1749923455.195,user1,s1
move,125.593,1592,528,0.9729,1749923455.203,user1,s1
move,622.2264,1592,545,0.9729,1749923455.219,user1,s1
move,812.7427,1590,551,0.9729,1749923455.227,user1,s1
move,655.4942,1588,556,0.9729,1749923455.235,user1,s1
move,882.7694,1586,563,0.9729,1749923455.243,user1,s1
move,534.4116,1585,567,0.9729,1749923455.251,user1,s1
move,627.7019,1585,572,0.9729,1749923455.259,user1,s1
move,252.5548,1585,574,0.9729,1749923455.267,user1,s1
move,489.0176,1585,578,0.9729,1749923455.275,user1,s1
move,506.039,1585,582,0.9729,1749923455.283,user1,s1
move,0.0,1585,582,0.9729,1749923455.291,user1,s1
move,283.5258,1584,584,0.9729,1749923455.299,user1,s1
move,403.4909,1583,587,0.9729,1749923455.307,user1,s1
move,395.6907,1580,588,0.9729,1749923455.315,user1,s1
move,245.7336,1580,590,0.9729,1749923455.323,user1,s1
move,445.9944,1578,593,0.9729,1749923455.331,user1,s1
move,702.1356,1574,597,0.9729,1749923455.339,user1,s1
move,532.4952,1571,600,0.9729,1749923455.347,user1,s1
move,0.0,1571,600,0.9729,1749923455.355,user1,s1
move,123.0218,1570,600,0.9729,1749923455.363,user1,s1
move,248.6692,1568,600,0.9729,1749923455.371,user1,s1
move,252.1676,1566,600,0.9729,1749923455.379,user1,s1
move,620.0923,1561,600,0.9729,1749923455.387,user1,s1
move,370.8273,1558,600,0.9729,1749923455.395,user1,s1
move,123.8902,1557,600,0.9729,1749923455.403,user1,s1
move,824.489,1551,602,0.9729,1749923455.411,user1,s1
move,121.6728,1550,602,0.9729,1749923455.419,user1,s1
move,129.1429,1549,602,0.9729,1749923455.427,user1,s1
move,719.0,1544,605,0.9729,1749923455.435,user1,s1
move,959.8506,1190,955,0.9729,1749923455.707,user1,s1
move,688.0203,1137,1079,0.9729,1749923455.811,user1,s1
move,496.5583,1137,1083,0.9729,1749923455.819,user1,s1
move,275.6996,1135,1084,0.9729,1749923455.827,user1,s1
move,253.9079,1135,1082,0.9729,1749923455.835,user1,s1
move,121.6375,1135,1081,0.9729,1749923455.843,user1,s1
move,252.4256,1135,1079,0.9729,1749923455.851,user1,s1
move,121.2086,1135,1080,0.9729,1749923455.859,user1,s1
move,0.0,1135,1080,0.9729,1749923455.907,user1,s1
move,0.0,1135,1080,0.9729,1749923455.923,user1,s1
move,176.8369,1136,1081,0.9729,1749923455.931,user1,s1
move,252.0388,1138,1081,0.9729,1749923455.939,user1,s1
move,173.3384,1139,1080,0.9729,1749923455.947,user1,s1
move,179.9103,1140,1081,0.9729,1749923455.955,user1,s1
move,0.0,1140,1081,0.9729,1749923455.963,user1,s1
move,275.489,1142,1080,0.9729,1749923455.971,user1,s1
move,126.9155,1143,1080,0.9729,1749923455.979,user1,s1
move,249.4679,1145,1080,0.9729,1749923455.987,user1,s1
move,173.9535,1146,1081,0.9729,1749923455.995,user1,s1
move,284.4286,1148,1080,0.9729,1749923456.003,user1,s1
move,246.5642,1150,1080,0.9729,1749923456.011,user1,s1
move,379.3919,1153,1080,0.9729,1749923456.019,user1,s1
move,393.4138,1156,1079,0.9729,1749923456.027,user1,s1
move,372.7828,1159,1079,0.9729,1749923456.035,user1,s1
move,126.4525,1160,1079,0.9729,1749923456.043,user1,s1
move,128.8929,1161,1079,0.9729,1749923456.05,user1,s1
move,368.7624,1164,1079,0.9729,1749923456.059,user1,s1
move,393.9045,1167,1078,0.9729,1749923456.067,user1,s1
move,124.0478,1168,1078,0.9729,1749923456.075,user1,s1
move,550.3476,1172,1076,0.9729,1749923456.083,user1,s1
move,395.8088,1175,1075,0.9729,1749923456.091,user1,s1
move,444.2519,1178,1073,0.9729,1749923456.099,user1,s1
move,126.7085,1179,1073,0.9729,1749923456.107,user1,s1
move,281.4751,1181,1072,0.9729,1749923456.115,user1,s1
move,123.8719,1182,1072,0.9729,1749923456.123,user1,s1
move,293.5078,1183,1070,0.9729,1749923456.13,user1,s1
move,119.9606,1183,1069,0.9729,1749923456.139,user1,s1
move,123.0434,1184,1069,0.9729,1749923456.147,user1,s1
move,0.0,1184,1069,0.9729,1749923456.155,user1,s1
move,178.0311,1185,1068,0.9729,1749923456.163,user1,s1
move,0.0,1185,1068,0.9729,1749923456.171,user1,s1
move,62.2864,1185,1067,0.9729,1749923456.187,user1,s1
move,41.9447,1185,1066,0.9729,1749923456.211,user1,s1
move,41.4818,1186,1066,0.9729,1749923456.235,user1,s1
move,11.3476,1186,1065,0.9729,1749923456.323,user1,s1
move,129.9794,1187,1065,0.9729,1749923456.331,user1,s1
move,61.8976,1187,1064,0.9729,1749923456.347,user1,s1
move,126.2204,1188,1064,0.9729,1749923456.355,user1,s1
move,0.0,1188,1064,0.9729,1749923456.363,user1,s1
move,124.3604,1188,1063,0.9729,1749923456.371,user1,s1
move,124.0111,1189,1063,0.9729,1749923456.379,user1,s1
move,124.7191,1189,1062,0.9729,1749923456.387,user1,s1
move,125.4165,1190,1062,0.9729,1749923456.395,user1,s1
move,126.3116,1190,1061,0.9729,1749923456.403,user1,s1
move,250.9005,1192,1061,0.9729,1749923456.411,user1,s1
move,0.0,1192,1061,0.9729,1749923456.419,user1,s1
move,123.7623,1193,1061,0.9729,1749923456.427,user1,s1
click,,1193,1061,0.9729,1749923456.491,user1,s1
move,1.7852,1193,1060,0.9729,1749923456.987,user1,s1
move,125.2947,1193,1058,0.9729,1749923457.003,user1,s1
move,128.3997,1193,1057,0.9729,1749923457.011,user1,s1
move,369.792,1193,1054,0.9729,1749923457.019,user1,s1
move,644.3954,1192,1049,0.9729,1749923457.027,user1,s1
move,987.3733,1188,1042,0.9729,1749923457.035,user1,s1
move,933.9347,1181,1027,0.9729,1749923457.051,user1,s1
move,725.3977,1105,921,0.9729,1749923457.147,user1,s1
move,622.5404,1101,918,0.9729,1749923457.155,user1,s1
move,534.9765,1098,915,0.9729,1749923457.163,user1,s1
move,279.3872,1096,914,0.9729,1749923457.171,user1,s1
move,125.8266,1095,914,0.9729,1749923457.179,user1,s1
move,271.2816,1093,913,0.9729,1749923457.187,user1,s1
move,406.1473,1090,912,0.9729,1749923457.195,user1,s1
move,658.1874,1085,910,0.9729,1749923457.203,user1,s1
move,879.9872,1078,909,0.9729,1749923457.211,user1,s1
move,619.316,1024,896,0.9729,1749923457.259,user1,s1
move,399.5407,1021,895,0.9729,1749923457.267,user1,s1
move,372.8823,1018,895,0.9729,1749923457.275,user1,s1
move,502.0713,1014,895,0.9729,1749923457.283,user1,s1
move,749.6745,1008,895,0.9729,1749923457.291,user1,s1
move,647.0664,1003,896,0.9729,1749923457.299,user1,s1
move,772.9325,997,897,0.9729,1749923457.307,user1,s1
move,790.721,707,921,0.9729,1749923457.507,user1,s1
move,564.3899,703,919,0.9729,1749923457.515,user1,s1
move,507.8723,699,918,0.9729,1749923457.523,user1,s1
move,512.5384,695,917,0.9729,1749923457.531,user1,s1
move,180.0687,694,916,0.9729,1749923457.539,user1,s1
move,519.5757,690,915,0.9729,1749923457.547,user1,s1
move,561.4841,686,913,0.9729,1749923457.555,user1,s1
move,884.5803,679,912,0.9729,1749923457.563,user1,s1
move,630.8988,611,884,0.9729,1749923457.627,user1,s1
move,844.907,605,881,0.9729,1749923457.635,user1,s1
move,513.8481,601,880,0.9729,1749923457.643,user1,s1
move,901.0545,594,879,0.9729,1749923457.651,user1,s1
move,618.41,589,879,0.9729,1749923457.659,user1,s1
move,639.903,584,878,0.9729,1749923457.667,user1,s1
move,746.8047,578,878,0.9729,1749923457.675,user1,s1
move,981.4107,570,878,0.9729,1749923457.683,user1,s1
move,960.4314,554,883,0.9729,1749923457.699,user1,s1
move,850.4488,520,894,0.9729,1749923457.731,user1,s1
move,755.6851,505,897,0.9729,1749923457.747,user1,s1
move,898.083,489,898,0.9729,1749923457.763,user1,s1
move,486.3948,485,898,0.9729,1749923457.771,user1,s1
move,649.2128,480,898,0.9729,1749923457.779,user1,s1
move,242.5154,478,898,0.9729,1749923457.787,user1,s1
move,371.8025,475,898,0.9729,1749923457.795,user1,s1
move,176.1752,474,899,0.9729,1749923457.803,user1,s1
move,128.227,473,899,0.9729,1749923457.811,user1,s1
move,275.6915,471,900,0.9729,1749923457.819,user1,s1
move,285.7806,469,901,0.9729,1749923457.827,user1,s1
move,388.6756,466,902,0.9729,1749923457.835,user1,s1
move,504.6709,462,903,0.9729,1749923457.843,user1,s1
move,400.6148,459,904,0.9729,1749923457.851,user1,s1
move,277.5517,457,905,0.9729,1749923457.859,user1,s1
move,179.7794,456,906,0.9729,1749923457.867,user1,s1
move,280.9354,454,907,0.9729,1749923457.875,user1,s1
move,272.9554,452,908,0.9729,1749923457.883,user1,s1
move,356.9837,450,910,0.9729,1749923457.891,user1,s1
move,125.921,449,910,0.9729,1749923457.899,user1,s1
move,275.7077,447,911,0.9729,1749923457.907,user1,s1
move,178.4489,446,912,0.9729,1749923457.915,user1,s1
move,174.9231,445,913,0.9729,1749923457.923,user1,s1
move,0.0,445,913,0.9729,1749923457.931,user1,s1
move,177.8337,444,914,0.9729,1749923457.939,user1,s1
move,122.4293,444,915,0.9729,1749923457.947,user1,s1
move,176.3113,443,916,0.9729,1749923457.955,user1,s1
move,0.0,443,916,0.9729,1749923457.971,user1,s1
move,0.0,443,916,0.9729,1749923457.979,user1,s1
move,175.0418,442,917,0.9729,1749923457.987,user1,s1
move,183.0302,441,918,0.9729,1749923457.995,user1,s1
move,273.4329,439,919,0.9729,1749923458.003,user1,s1
move,174.9386,438,920,0.9729,1749923458.011,user1,s1
move,351.8174,436,922,0.9729,1749923458.019,user1,s1
move,0.0,436,922,0.9729,1749923458.027,user1,s1
move,350.8394,434,924,0.9729,1749923458.035,user1,s1
move,350.4456,432,926,0.9729,1749923458.043,user1,s1
move,0.0,432,926,0.9729,1749923458.051,user1,s1
move,276.4065,431,928,0.9729,1749923458.059,user1,s1
move,178.3148,430,929,0.9729,1749923458.067,user1,s1
move,0.0,430,929,0.9729,1749923458.075,user1,s1
move,126.9885,430,930,0.9729,1749923458.083,user1,s1
move,124.5266,430,931,0.9729,1749923458.091,user1,s1
move,62.1756,430,932,0.9729,1749923458.107,user1,s1
move,0.0,430,932,0.9729,1749923458.155,user1,s1
move,12.5016,429,932,0.9729,1749923458.235,user1,s1
move,0.0,429,932,0.9729,1749923458.251,user1,s1
move,61.8784,428,932,0.9729,1749923458.267,user1,s1
click,,428,932,0.9729,1749923458.275,user1,s1
move,0.0,428,932,0.9729,1749923458.283,user1,s1
move,0.0,428,932,0.9729,1749923458.507,user1,s1
move,0.0,428,932,0.9729,1749923458.523,user1,s1
move,126.9424,429,932,0.9729,1749923458.531,user1,s1
move,62.5754,430,932,0.9729,1749923458.547,user1,s1
move,125.0128,430,933,0.9729,1749923458.555,user1,s1
move,127.2158,431,933,0.9729,1749923458.563,user1,s1
move,123.631,432,933,0.9729,1749923458.571,user1,s1
move,89.2379,433,934,0.9729,1749923458.587,user1,s1
move,0.0,433,934,0.9729,1749923458.595,user1,s1
move,41.1553,434,934,0.9729,1749923458.619,user1,s1
move,0.0,434,934,0.9729,1749923458.627,user1,s1
move,119.9881,435,934,0.9729,1749923458.635,user1,s1
move,0.0,435,934,0.9729,1749923458.683,user1,s1
move,62.5297,436,934,0.9729,1749923458.699,user1,s1
move,125.4165,437,934,0.9729,1749923458.707,user1,s1
move,130.1326,438,934,0.9729,1749923458.715,user1,s1
move,61.9717,439,934,0.9729,1749923458.731,user1,s1
move,61.8046,440,934,0.9729,1749923458.747,user1,s1
move,62.852,441,934,0.9729,1749923458.763,user1,s1
move,0.0,441,934,0.9729,1749923458.779,user1,s1
move,62.6212,442,934,0.9729,1749923458.795,user1,s1
move,63.1796,443,934,0.9729,1749923458.811,user1,s1
click,,443,934,0.9729,1749923458.851,user1,s1
move,0.0,443,934,0.9729,1749923459.003,user1,s1
move,17.8187,444,934,0.9729,1749923459.059,user1,s1
move,84.3297,446,934,0.9729,1749923459.083,user1,s1
move,0.0,446,934,0.9729,1749923459.091,user1,s1
move,87.592,447,935,0.9729,1749923459.107,user1,s1
move,284.8173,448,937,0.9729,1749923459.115,user1,s1
move,0.0,448,937,0.9729,1749923459.123,user1,s1
move,129.8667,448,938,0.9729,1749923459.13,user1,s1
move,40.5768,448,939,0.9729,1749923459.155,user1,s1
move,0.0,448,939,0.9729,1749923459.179,user1,s1
move,180.5235,447,940,0.9729,1749923459.187,user1,s1
move,178.2719,446,941,0.9729,1749923459.195,user1,s1
move,390.0013,443,942,0.9729,1749923459.203,user1,s1
move,397.7793,440,943,0.9729,1749923459.211,user1,s1
move,400.1796,437,944,0.9729,1749923459.219,user1,s1
move,353.4737,435,946,0.9729,1749923459.227,user1,s1
move,392.3432,432,947,0.9729,1749923459.235,user1,s1
move,403.6506,429,948,0.9729,1749923459.243,user1,s1
move,382.4593,426,948,0.9729,1749923459.25,user1,s1
move,715.1943,421,951,0.9729,1749923459.259,user1,s1
move,511.2511,417,951,0.9729,1749923459.266,user1,s1
move,504.4501,413,952,0.9729,1749923459.275,user1,s1
move,62.3355,412,952,0.9729,1749923459.291,user1,s1
move,124.0148,411,952,0.9729,1749923459.299,user1,s1
move,250.863,409,952,0.9729,1749923459.307,user1,s1
move,505.14,405,952,0.9729,1749923459.315,user1,s1
move,857.23,398,952,0.9729,1749923459.323,user1,s1
move,908.4281,391,950,0.9729,1749923459.331,user1,s1
move,942.4065,384,947,0.9729,1749923459.339,user1,s1
move,535.0564,380,946,0.9729,1749923459.347,user1,s1
move,678.7169,375,944,0.9729,1749923459.355,user1,s1
move,392.8429,372,943,0.9729,1749923459.363,user1,s1
move,274.9802,370,942,0.9729,1749923459.371,user1,s1
move,124.4674,369,942,0.9729,1749923459.379,user1,s1
move,0.0,369,942,0.9729,1749923459.387,user1,s1
move,0.0,369,942,0.9729,1749923459.395,user1,s1
move,126.483,368,942,0.9729,1749923459.403,user1,s1
move,179.627,367,941,0.9729,1749923459.411,user1,s1
move,0.0,367,941,0.9729,1749923459.427,user1,s1
click,,367,941,0.9729,1749923459.539,user1,s1
move,0.0,367,941,0.9729,1749923459.667,user1,s1
move,492.2892,371,941,0.9729,1749923459.675,user1,s1
move,636.5809,376,941,0.9729,1749923459.683,user1,s1
move,204.2341,380,941,0.9729,1749923459.702,user1,s1
move,561.9378,384,941,0.9729,1749923459.707,user1,s1
move,175.7003,385,942,0.9729,1749923459.715,user1,s1
move,0.0,385,942,0.9729,1749923459.723,user1,s1
move,123.047,386,942,0.9729,1749923459.731,user1,s1
move,246.0074,388,942,0.9729,1749923459.739,user1,s1
move,179.7195,389,943,0.9729,1749923459.747,user1,s1
move,177.9777,390,944,0.9729,1749923459.755,user1,s1
move,125.7135,391,944,0.9729,1749923459.763,user1,s1
move,173.6683,392,945,0.9729,1749923459.771,user1,s1
move,128.223,393,945,0.9729,1749923459.779,user1,s1
move,122.6297,394,945,0.9729,1749923459.787,user1,s1
move,251.3591,396,945,0.9729,1749923459.795,user1,s1
move,124.2757,397,945,0.9729,1749923459.803,user1,s1
move,124.823,398,945,0.9729,1749923459.811,user1,s1
move,248.625,400,945,0.9729,1749923459.819,user1,s1
move,127.027,401,945,0.9729,1749923459.827,user1,s1
move,124.7859,402,945,0.9729,1749923459.835,user1,s1
move,279.9125,404,944,0.9729,1749923459.843,user1,s1
move,390.472,407,943,0.9729,1749923459.851,user1,s1
move,278.7312,409,942,0.9729,1749923459.859,user1,s1
move,525.5442,413,941,0.9729,1749923459.867,user1,s1
move,123.8427,414,941,0.9729,1749923459.875,user1,s1
move,124.5895,415,941,0.9729,1749923459.883,user1,s1
move,17.8236,415,940,0.9729,1749923459.939,user1,s1
click,,415,940,0.9729,1749923459.987,user1,s1
move,0.0,415,940,0.9729,1749923460.259,user1,s1
